{"cameraMode":{"drawMode":0,"name":"Shaded","section":"Shading Mode"},"sceneLighting":true,"audioPlay":false,"sceneViewState":{"m_AlwaysRefresh":false,"showFog":true,"showSkybox":true,"showFlares":true,"showImageEffects":true,"showParticleSystems":true,"showVisualEffectGraphs":true,"m_FxEnabled":true},"in2DMode":false,"pivot":{"x":-121.81646728515625,"y":3.5661659240722658,"z":44.71339797973633},"rotation":{"x":-0.24338586628437043,"y":0.18969543278217317,"z":-0.04860178381204605,"w":-0.949958324432373},"size":1.5853550434112549,"orthographic":false}