{"cameraMode":{"drawMode":0,"name":"Shaded","section":"Shading Mode"},"sceneLighting":true,"audioPlay":false,"sceneViewState":{"m_AlwaysRefresh":false,"showFog":true,"showSkybox":true,"showFlares":true,"showImageEffects":true,"showParticleSystems":true,"showVisualEffectGraphs":true,"m_FxEnabled":true},"in2DMode":false,"pivot":{"x":-6.7128143310546879,"y":2.4326510429382326,"z":-12.290445327758789},"rotation":{"x":0.04818548634648323,"y":-0.8612024784088135,"z":0.08322383463382721,"w":0.49916452169418337},"size":11.364151000976563,"orthographic":false}