{"cameraMode":{"drawMode":0,"name":"Shaded","section":"Shading Mode"},"sceneLighting":false,"audioPlay":false,"sceneViewState":{"m_AlwaysRefresh":false,"showFog":true,"showSkybox":false,"showFlares":true,"showImageEffects":true,"showParticleSystems":true,"showVisualEffectGraphs":true,"m_FxEnabled":true},"in2DMode":false,"pivot":{"x":-17.32610321044922,"y":2.8584978580474855,"z":-23.035160064697267},"rotation":{"x":0.10599455237388611,"y":0.7580159306526184,"z":-0.12979315221309663,"w":0.6308438181877136},"size":3.0335617065429689,"orthographic":false}